{"cameraMode":{"drawMode":0,"name":"Shaded","section":"Shading Mode"},"sceneLighting":true,"audioPlay":false,"sceneViewState":{"showFog":false,"showMaterialUpdate":false,"showSkybox":false,"showFlares":false,"showImageEffects":false,"showParticleSystems":false},"in2DMode":false,"pivot":{"x":1116.2862548828125,"y":503.6407775878906,"z":227.64193725585938},"rotation":{"x":-0.11095140129327774,"y":0.048589784651994708,"z":-0.005431414116173983,"w":-0.9926224946975708},"size":1495.4930419921875,"orthographic":false}