{"cameraMode":{"drawMode":0,"name":"Shaded","section":"Shading Mode"},"sceneLighting":false,"audioPlay":false,"sceneViewState":{"showFog":false,"showMaterialUpdate":false,"showSkybox":false,"showFlares":false,"showImageEffects":false,"showParticleSystems":false},"in2DMode":false,"pivot":{"x":0.1385030746459961,"y":2.3999996185302736,"z":-0.39748334884643557},"rotation":{"x":0.2488759309053421,"y":0.5383573174476624,"z":-0.1702636480331421,"w":0.7869196534156799},"size":72.26074981689453,"orthographic":false}