{"cameraMode":{"drawMode":0,"name":"Shaded","section":"Shading Mode"},"sceneLighting":false,"audioPlay":false,"sceneViewState":{"showFog":true,"showMaterialUpdate":true,"showSkybox":true,"showFlares":true,"showImageEffects":true,"showParticleSystems":true},"in2DMode":false,"pivot":{"x":232.6163787841797,"y":26.137638092041017,"z":299.01123046875},"rotation":{"x":-0.12595418095588685,"y":-0.2658765912055969,"z":0.035061065107584,"w":-0.9550999402999878},"size":3.058253765106201,"orthographic":false}