{"cameraMode":{"drawMode":0,"name":"Shaded","section":"Shading Mode"},"sceneLighting":false,"audioPlay":false,"sceneViewState":{"showFog":true,"showMaterialUpdate":true,"showSkybox":true,"showFlares":true,"showImageEffects":true,"showParticleSystems":true},"in2DMode":false,"pivot":{"x":-0.28226861357688906,"y":-0.08500409126281738,"z":0.5582955479621887},"rotation":{"x":0.1682845801115036,"y":-0.6345711350440979,"z":0.1442311704158783,"w":0.740403413772583},"size":9.587320327758789,"orthographic":false}