{"cameraMode":{"drawMode":0,"name":"Shaded","section":"Shading Mode"},"sceneLighting":false,"audioPlay":false,"sceneViewState":{"showFog":true,"showMaterialUpdate":true,"showSkybox":true,"showFlares":true,"showImageEffects":true,"showParticleSystems":true},"in2DMode":false,"pivot":{"x":94.08552551269531,"y":-37.45307159423828,"z":260.6524353027344},"rotation":{"x":-0.5479028224945068,"y":-0.0944075733423233,"z":0.062407221645116809,"w":-0.8288516998291016},"size":92.21327209472656,"orthographic":false}